<?xml version="1.0" encoding="UTF-8" ?>
<configuration>
	<contextName>baseproject</contextName>
	<!-- 控制台输出日志 -->
	<appender name="STDOUT" class="ch.qos.logback.core.ConsoleAppender">
		<encoder>
			<pattern>%d{MM-dd HH:mm:ss.SSS} %-5level %logger{36} >>> %msg%n</pattern>
		</encoder>
	</appender>
	<!--每天生成一个日志文件，保存30天的日志文件。 -->
	<appender name="DayFile"
		class="ch.qos.logback.core.rolling.RollingFileAppender">
		<rollingPolicy class="ch.qos.logback.core.rolling.TimeBasedRollingPolicy">
			<fileNamePattern>logs/baseproject.%d{yyyy-MM-dd}.log</fileNamePattern>
			<maxHistory>30</maxHistory>
		</rollingPolicy>
		<encoder charset="UTF-8">
			<pattern>%-4relative [%thread] %-5level %logger{35} - %msg%n
			</pattern>
			<!-- 是否立即清空输出流，设置为false可以提高性能，但日志可能会丢失 -->
			<immediateFlush>false</immediateFlush>
		</encoder>
		<triggeringPolicy
			class="ch.qos.logback.core.rolling.SizeBasedTriggeringPolicy">
			<MaxFileSize>100MB</MaxFileSize>
		</triggeringPolicy>
		<layout class="ch.qos.logback.classic.PatternLayout">
			<Pattern>%d{yyyy-MM-dd HH:mm:ss.SSS} [%thread] %-5level %logger{36} -
				%msg%n</Pattern>
		</layout>
	</appender>

	<!--指定logger name为包名或类全名 指定级别 additivity设置是否传递到root logger -->
	<logger name="slf4j" level="INFO" additivity="false">
		<appender-ref ref="STDOUT" />
		<appender-ref ref="DayFile" />
	</logger>


	<!--slf4j2包下的类在ERROR级别时候传递到root logger中 -->
	<logger name="slf4j2" level="ERROR" />


	<!--根logger控制 -->
	<root level="INFO">
		<appender-ref ref="STDOUT" />
	</root>
</configuration>