<?xml version="1.0" encoding="UTF-8"?>
<beans 
    xmlns="http://www.springframework.org/schema/beans"
    xmlns:aop="http://www.springframework.org/schema/aop"
    xmlns:context="http://www.springframework.org/schema/context"
    xmlns:mvc="http://www.springframework.org/schema/mvc"
    xmlns:tx="http://www.springframework.org/schema/tx"
    xsi:schemaLocation="
        http://www.springframework.org/schema/aop http://www.springframework.org/schema/aop/spring-aop-3.2.xsd
        http://www.springframework.org/schema/beans http://www.springframework.org/schema/beans/spring-beans-3.2.xsd
        http://www.springframework.org/schema/context http://www.springframework.org/schema/context/spring-context-3.2.xsd
        http://www.springframework.org/schema/mvc http://www.springframework.org/schema/mvc/spring-mvc-3.2.xsd
         http://www.springframework.org/schema/tx http://www.springframework.org/schema/tx/spring-tx-3.2.xsd"
    xmlns:xsi="http://www.w3.org/2001/XMLSchema-instance">

	<description>Spring公共配置 </description>

    <context:property-placeholder location="classpath:/jdbc.properties"  />
	<!-- 自动扫描 Spring注解，仅对该包下文件有效 -->  
    <context:component-scan base-package="com.hexun.baseproject" />

	<!-- 用于持有ApplicationContext,可以使用SpringContextHolder.getBean('xxxx')的静态方法得到spring bean对象 -->
	<bean id="springContextHolder" class="com.hexun.framework.core.spring.SpringContextHolder" lazy-init="false" />
	
	<!-- 会自动注册DefaultAnnotationHandlerMapping与AnnotationMethodHandlerAdapter 两个bean,是spring MVC为@Controllers分发请求所必须的。
	并提供了：数据绑定支持，@NumberFormatannotation支持，@DateTimeFormat支持，@Valid支持，读写XML的支持（JAXB），读写JSON的支持（Jackson）。 -->
 	<mvc:annotation-driven>
        <mvc:message-converters>
            <bean class="org.springframework.http.converter.json.MappingJacksonHttpMessageConverter">
                <property name="objectMapper" ref="customObjectMapper"></property><!-- 扩展spring，解决json时间返回long值问题 -->
            </bean>
        </mvc:message-converters>
    </mvc:annotation-driven>
    <bean id="customObjectMapper" class="com.hexun.framework.core.utils.DateObjectMapper"></bean>  

	<!-- 支持上传文件 -->
    <bean id="multipartResolver" class="org.springframework.web.multipart.commons.CommonsMultipartResolver"/>
</beans>